Curation,Variable ID,Variable name,Variable synonyms,Context of use,Growth stage,Variable status,Variable Xref,Institution,Scientist,Date,Language,Crop,Trait ID,Trait name,Trait class,Trait description,Trait synonyms,Main trait abbreviation,Alternative trait abbreviations,Entity,Attribute,Trait status,Trait Xref,Method ID,Method name,Method class,Method description,Formula,Method reference,Scale ID,Scale name,Scale class,Decimal places,Lower limit,Upper limit,Scale Xref,Category 1,Category 2,Category 3,Category 4,Category 5,Category 6,Category 7,Category 8,Category 9,Category 10,Category 11,Category 12,Category 13,Category 14,Category 15,Category 16,Category 17,Category 18,Category 19,Category 20,Category 21
,CO_338:0000269,FLCOL_Est_1to5,,Characterization of a genotype,,Recommended,ICRIS:113,ICRISAT,Pooran Gaur,24-Apr-10,EN,Chickpea,CO_338:0000017,Flower color,Morphological,Color of the flower,,FLCOL,,Flower,Color,Recommended,TO:0000537,CO_338:0000097,Flower color - Method,Estimation,Visual observation,,,CO_338:0000098,Flower color category,Nominal,,,,,1 = dark pink,2 = pink,3 = dark blue,4 = blue,5 = white,,,,,,,,,,,,,,,,
,CO_338:0000270,PLHGT_Av_cm,,Evaluation trials,,Recommended,ICRIS:118,ICRISAT,Pooran Gaur,24-Apr-10,EN,Chickpea,CO_338:0000023,Plant height,Agronomic,Height of the plant described as the distance between the soil and the plant canopy,,PLHGT,,Plant,Height,Recommended,,CO_338:0000099,Plant height - Method,Computation,Measure the height of the plant from the soil surface to the canopy at the end of flowering and calculate the mean canopy height of five representative plants,,,CO_338:0000100,cm,Numerical,,4,100,,,,,,,,,,,,,,,,,,,,,,
,CO_338:0000271,SYPLOT_Meas_gPlot,,Evaluation trials,,Obsolete,,ICRISAT,Pooran Gaur,24-Apr-10,EN,Chickpea,CO_338:0000051,Seed yield per plot,Agronomic,Seed yield at maturity (g per plot),,SYPLOT,,Seed,Yield,Obsolete,,CO_338:0000101,Seed yield per plot - Method,Measurement,Weight of seed harvested from each plot,,,CO_338:0000102,g/plot,Numerical,,,,,,,,,,,,,,,,,,,,,,,,,
,CO_338:0000272,SY_Meas_gPlot,,Evaluation trials,,Recommended,,ICRISAT,Pooran Gaur,31-juil-15,EN,Chickpea,CO_338:0000265,Seed yield,Agronomic,Weight of seed per unit of area,,SY,,Seed,Yield,Recommended,,CO_338:0000101,Seed yield per plot - Method,Measurement,Weight of seed harvested from each plot,,,CO_338:0000102,g/plot,Numerical,,,,,,,,,,,,,,,,,,,,,,,,,
,CO_338:0000273,SYPL_Av_g,,Evaluation trials,,Recommended,,ICRISAT,Pooran Gaur,24-Apr-10,EN,Chickpea,CO_338:0000025,Seed yield per plant,Agronomic,Weight of seeds obtained from a plant.,Seed weight,SYPL,,Plant,Seed weight,Recommended,TO:0000589,CO_338:0000103,Seed yield per plant - Method,Computation,Averaged weight of air-dried seeds harvested from each plant,,,CO_338:0000104,g,Numerical,,1,250,,,,,,,,,,,,,,,,,,,,,,
,CO_338:0000274,SDWT_100Wgh_g,,Evaluation trials,,Recommended,ICRIS:120,ICRISAT,Pooran Gaur,24-Apr-10,EN,Chickpea,CO_338:0000026,Seed weight,Agronomic,Weight of a seed,100-seed mass,SDWT,,Seed,Weight,Recommended,TO:0000269,CO_338:0000105,100-seed weight - Method,Measurement,Count 100 well-developed whole air-dried seeds and weigh,,,CO_338:0000106,g,Numerical,,5,70,,,,,,,,,,,,,,,,,,,,,,
,CO_338:0000275,SYHA_Comp_kgha,,Evaluation trials,,Obsolete,ICRIS:121,ICRISAT,Pooran Gaur,24-Apr-10,EN,Chickpea,CO_338:0000027,Seed yield per ha,Agronomic,Seed yield at maturity (kg ha-1),,SYHA,,Seed,Yield,Obsolete,TO:0000396,CO_338:0000107,Seed yield - Method,Computation,Weight of harvested seeds on a plot divided by the surface of the plot,,,CO_338:0000108,kg/ha,Numerical,,0,5000,,,,,,,,,,,,,,,,,,,,,,
,CO_338:0000276,SY_Comp_kgha,,Evaluation trials,,Recommended,ICRIS:121,ICRISAT,Pooran Gaur,31-juil-15,EN,Chickpea,CO_338:0000265,Seed yield,Agronomic,Weight of seed per unit of area,,SY,,Seed,Yield,Recommended,,CO_338:0000107,Seed yield - Method,Computation,Weight of harvested seeds on a plot divided by the surface of the plot,,,CO_338:0000108,kg/ha,Numerical,,0,5000,,,,,,,,,,,,,,,,,,,,,,
,CO_338:0000277,FWR_Comp_pct,,Pathological and breeding trials,,Recommended,ICRIS:129,ICRISAT,Pooran Gaur,24-Apr-10,EN,Chickpea,CO_338:0000037,Fusarium wilt resistance,Biotic stress,"Causative agent:Fusarium oxysporum f.sp.ciceris. It causes seedlings to die, seedlings collapse and lie flat on the ground, when uprooted plants show uneven shrinking of the stem above and below the collar region",,FWR,,Plant,Resistance to Fusarium blight,Recommended,,CO_338:0000109,Fusarium wilt resistance - Method,Computation,Proportion of dead plants in a plot due to fusarium wilt,,,CO_338:0000110,%,Numerical,,0,100,,,,,,,,,,,,,,,,,,,,,,
,CO_338:0000278,ABR_Est_1to9,,Pathological and breeding trials,,Recommended,ICRIS:131,ICRISAT,Pooran Gaur,24-Apr-10,EN,Chickpea,CO_338:0000039,Ascochyta blight resistance,Biotic stress,"Causative agent:Ascochyta rabiei. It causes dark brown lesions at the base of the stem of emerging seedlings, seen during the flowering and podding phases of blighted plants in the field, affected seedlings die",,ABR,,Plant,Resistance to Ascochyta blight,Recommended,,CO_338:0000111,Ascochyta blight resistance - Method,Estimation,Visual assessment of the resistaance to the disease,,,CO_338:0000112,Disease resistance scale,Ordinal,,,,,1 = highly resistant,2-3 = resistant,4-5 = moderately resistant,6-7 = susceptible,8-9 = highly susceptible,,,,,,,,,,,,,,,,
,CO_338:0000279,DFTFL_Count_day,,All types of evaluation,,Obsolete,ICRIS:133,ICRISAT,Pooran Gaur,24-Apr-10,EN,Chickpea,CO_338:0000043,Days to 50% flowering,Agronomic,Number of days from sowing to when 50% of the plants have started flowering,,DFTFL,,Plant,Flowering time,Obsolete,TO:0000344,CO_338:0000113,Days to 50% flowering - Method,Counting,Counting the number of days from sowing to 50% of plants started flowering,,,CO_338:0000114,day,Duration,,,,,,,,,,,,,,,,,,,,,,,,,
,CO_338:0000280,TimeFlw_50Count_day,,All types of evaluation,,Recommended,ICRIS:133,ICRISAT,Pooran Gaur,31-juil-15,EN,Chickpea,CO_338:0000266,Time to flowering,Agronomic,Time elpased from sowing to flowering,,TimeFlw,,Plant,Flowering time,Recommended,TO:0000344,CO_338:0000113,Days to 50% flowering - Method,Counting,Counting the number of days from sowing to 50% of plants started flowering,,,CO_338:0000114,day,Duration,,,,,,,,,,,,,,,,,,,,,,,,,
,CO_338:0000281,TimMat_Count_day,,All types of evaluation,,Recommended,ICRIS:134,ICRISAT,Pooran Gaur,24-Apr-10,EN,Chickpea,CO_338:0000044,Time to maturity,Agronomic,Time elpased from sowing to maturity,,TimeMat,,Plant,Maturity time,Recommended,TO:0000469,CO_338:0000115,Days to maturity - Method,Counting,Counting the number of days from sowing to maturity,,,CO_338:0000116,day,Duration,,,,,,,,,,,,,,,,,,,,,,,,,
,CO_338:0000282,PLN_CountPlotOrPot_plnt,,All types of evaluation,,Obsolete,,ICRISAT,Pooran Gaur,24-Apr-10,EN,Chickpea,CO_338:0000045,Plant number per experimental unit,Agronomic,Number of plants per experimental unit,,PLN,,Plant,Number per experimental unit,Recommended,,CO_338:0000117,Plant number per pot or plot - Method,Counting,Counting number of plants per experimental unit (pot or plot),,,CO_338:0000118,plants,Numerical,,,,,,,,,,,,,,,,,,,,,,,,,
,CO_338:0000283,PLN_CountPerPlot_plnt,,All types of evaluation,,Recommended,,ICRISAT,Pooran Gaur,24-Apr-10,EN,Chickpea,CO_338:0000045,Plant number per experimental unit,Agronomic,Number of plants per experimental unit,,PLN,,Plant,Number per experimental unit,Recommended,,CO_338:0000267,Plant number per plot - Method,Counting,Counting number of plants per plot,,,CO_338:0000118,plants,Numerical,,,,,,,,,,,,,,,,,,,,,,,,,
,CO_338:0000285,PDPL_Comp_PodPlnt,,Evaluation trials,,Recommended,ICRIS:103,ICRISAT,Pooran Gaur,24-Apr-10,EN,Chickpea,CO_338:0000004,Pods per plant,Morphological,Number of pods counted per plant,Number of pods per plant,PDPL,,Plant,Pod number,Recommended,,CO_338:0000119,Pods per plant - Method,Computation,Average number of pods from 3 or 5 randomly selected plants,,,CO_338:0000120,pods/plant,Numerical,,,,,,,,,,,,,,,,,,,,,,,,,
,CO_338:0000286,SDPD_Comp_sdpod,,Evaluation trials,,Recommended,ICRIS:104,ICRISAT,Pooran Gaur,24-Apr-10,EN,Chickpea,CO_338:0000005,Seeds per pod,Morphological,Number of seeds per pod from a plant,Number of seeds per pod,SDPD,,Pod,Seed number,Recommended,,CO_338:0000121,Seeds per pod - Method,Computation,Ratio between seed number per plant and pod number per plant.,,,CO_338:0000122,seeds/pod,Numerical,,,,,,,,,,,,,,,,,,,,,,,,,
,CO_338:0000287,GRH_Est_1to5,,Characterization of a genotype,,Recommended,ICRIS:109,ICRISAT,Pooran Gaur,24-Apr-10,EN,Chickpea,CO_338:0000011,Growth habit,Morphological,Growth habit of the plant,,GRH,,Plant,Growth habit,Recommended,,CO_338:0000123,Growth habit - Method,Estimation,Visual observation at mid-pod filling stage of the angle of primary branches,,,CO_338:0000124,Type of growth habit categories,Nominal,,,,,1 = erect (0-150 from vertical),2 = semi-erect (16-250 from vertical),3 = semi-spreading (26-600 from vertical),4 = spreading (61-800 from vertical),5 = prostrate (branches flat on the ground),,,,,,,,,,,,,,,,
,CO_338:0000288,SDCOL_Est_1to21,,Characterization of a genotype,,Recommended,ICRIS:115,ICRISAT,Pooran Gaur,24-Apr-10,EN,Chickpea,CO_338:0000020,Seed color,Morphological,"Color of the seed coat. It can describe the main color of the seed coat (e.g., black, brown, green, yellow, white), its different color shades, its combination of colors","Testa color, Seed coat color",SDCOL,,Seed,Color,Recommended,TO:0000486,CO_338:0000125,Seed color - Method,Estimation,Visual observation of the color,,,CO_338:0000126,Seed color category,Nominal,,,,,"1= Black (black group 202A, 202B, brown group 200A)",2= Brown (greyed-orange group 177B),3= Light brown (greyed-orange group 177C),4= Dark brown (greyed-orange group 177A),5= Reddish brown (greyed-orange group 166C),6= Greyish brown (brown group 200D),7= Salmon brown (greyed-orange group 165C),8= Grey (greyed-green group 196A),9= Brown beige (greyed orange group 173D),10= Beige (greyed-orange group 165D),11= Yellow (greyed-orange group 164B),12= Light yellow (greyed-orange group 164C),13= Yellow brown (greyed-orange group 165C),14= Orange yellow (greyed-orange group 168D),15= Orange (greyed-orange group 168C),16= Yellow beige (orange-white group 159C),17= Ivory white (orange-white group 159C),"18= Green (greyed-green group 191A, grey group 201A)",19= Light green (greyed-green group 193B),20= Variegated,"21= Black brown mosaic (black group 202A,greyed-orange group 177E)"
,CO_338:0000289,SDNPL_Count_SdPlnt,,Evaluation trials,,Recommended,,ICRISAT,Pooran Gaur,24-Apr-10,EN,Chickpea,CO_338:0000052,Seed per plant,Agronomic,Number of seeds per plant,Number of seeds per plant,SDNPL,,Plant,Seed number,Recommended,,CO_338:0000127,Seed per plant - Method,Counting,Number of seeds counted per plant,,,CO_338:0000128,seeds/plant,Numerical,,,,,,,,,,,,,,,,,,,,,,,,,
,CO_338:0000290,VGRP_Est_1to3,,Characterization of a genotype,,Recommended,,ICRISAT,Pooran Gaur,24-Apr-10,EN,Chickpea,CO_338:0000053,Variety group,Morphological,"Type of chickpea e.g., desi, kabuli or intermediate",Type of chickpea,VGRP,,Plant,Variety type,Recommended,,CO_338:0000129,Variety group - Method,Estimation,Visual assessment,,,CO_338:0000130,variety group scale,Nominal,,,,,1 = desi,2 = kabuli,3 = intermediate,,,,,,,,,,,,,,,,,,
,CO_338:0000291,HI_Comp_pct,,Evaluation trials,,Recommended,,ICRISAT,Pooran Gaur,24-Apr-10,EN,Chickpea,CO_338:0000029,Harvest index,Agronomic,Proportion of grain yield over total biomass yield,,HI,,Plant,Biomass partionning to seed,Recommended,TO:0000128,CO_338:0000131,Harvest index - Method,Computation,Proportion of grain yield over total biomass yield by dividing the weight of harvested grain by the weight of harvested biomass,,,CO_338:0000132,%,Numerical,,10,75,,,,,,,,,,,,,,,,,,,,,,
,CO_338:0000292,BYPL_Wgh_gPlnt,,Physiological and breeding trials,,Recommended,,ICRISAT,Pooran Gaur,24-Apr-10,EN,Chickpea,CO_338:0000047,Biomass yield per plant,Agronomic,The dry weight of the whole plant (excluding roots),,BYPL,,Plant,Biomass weight,Recommended,TO:0000352,CO_338:0000133,Biomass yield per plant - Method,Measurement,"At harvest, weigh an oven or sun dried plant (excluding roots)",,,CO_338:0000134,g/plant,Numerical,,20,300,,,,,,,,,,,,,,,,,,,,,,
,CO_338:0000293,PLWTH_Av_cm,,Characterization of a genotype,,Recommended,ICRIS:111,ICRISAT,Pooran Gaur,24-Apr-10,EN,Chickpea,CO_338:0000014,Plant width,Agronomic,"Width of the plant i.e., the spread of the plant canopy",Plant canopy width,PLWTH,,Plant,Width,Recommended,,CO_338:0000135,Plant width - Method,Computation,"Measuring of the plant canopy spread, average fronm 3 or 5 plants randomly selected plants at maturity",,,CO_338:0000136,cm,Numerical,,5,50,,,,,,,,,,,,,,,,,,,,,,
,CO_338:0000294,FLPED_Count_1to3,,Characterization of a genotype,,Recommended,,ICRISAT,Pooran Gaur,24-Apr-10,EN,Chickpea,CO_338:0000054,Number of flowers per peduncle,Morphological,Number of flowers per peduncle,,FLPED,,Peduncle,Flower number,Recommended,,CO_338:0000137,Number of flowers per peduncle - Method,Counting,Visual observation of the number of flowers per peduncle,,,CO_338:0000138,Flowering type,Ordinal,,,,,1 = single,2 = double,3 = triple,,,,,,,,,,,,,,,,,,
,CO_338:0000295,SDDIA_Meas_mm,,Characterization of a genotype,,Recommended,,ICRISAT,Pooran Gaur,24-Apr-10,EN,Chickpea,CO_338:0000055,Seed diameter,Morphological,Seed diameter of fully dried seed,,SDDIA,,Seed,Diameter,Recommended,,CO_338:0000139,Seed diameter - Method,Measurement,Diameter of fully dried seed is measured using vernier caliper,,,CO_338:0000140,mm,Numerical,,2,14,,,,,,,,,,,,,,,,,,,,,,
,CO_338:0000296,SDSHP_Est_1to3,,Characterization of a genotype,,Recommended,ICRIS:114,ICRISAT,Pooran Gaur,24-Apr-10,EN,Chickpea,CO_338:0000019,Seed shape,Morphological,"Shape of the seed e.g., angular/pea shaped/owl's head",,SDSHP,,Seed,Shape,Recommended,TO:0000484,CO_338:0000141,Seed shape - Method,Estimation,Visual observation,,,CO_338:0000142,Type of seed shape,Nominal,,,,,1 = angular,2 = pea shaped,3 = owl's head shaped,,,,,,,,,,,,,,,,,,
,CO_338:0000297,PBR_Comp_pct,,Entomological and breeding trials,,Recommended,ICRIS:132,ICRISAT,Pooran Gaur,24-Apr-10,EN,Chickpea,CO_338:0000041,Pod borer resistance,Biotic stress,"The extent of damage caused by the pod borer. Causative agent:Helicoverpa armigera. The insect feeds on all green parts and defoliate young crops, large larvae cut round holes in the pod wall and devour the seed inside.",,PBR,,Plant,Pod borer resistance,Recommended,,CO_338:0000143,Pod borer resistance - Method,Computation,Damage at pod stage measured by counting total pods and damaged pods and calculating proportion of damaged pods,,,CO_338:0000144,%,Numerical,,0,100,,,,,,,,,,,,,,,,,,,,,,
,CO_338:0000298,DFFL_1stCount_day,,All types of evaluation,,Obsolete,,ICRISAT,Pooran Gaur,24-Apr-10,EN,Chickpea,CO_338:0000056,Days to first flower,Agronomic,Number of days from sowing to appearnce of first flower,,DFFL,,Plant,Flowering time,Obsolete,,CO_338:0000145,Days to first flower - Method,Counting,Counting the number of days from sowing to appearnce of first floewer,,,CO_338:0000146,day,Numerical,,,,,,,,,,,,,,,,,,,,,,,,,
,CO_338:0000299,TimeFlw_1stCount_day,,All types of evaluation,,Recommended,,ICRISAT,Pooran Gaur,31-juil-15,EN,Chickpea,CO_338:0000266,Time to flowering,Agronomic,Time elpased from sowing to flowering,,TimeFlw,,Plant,Flowering time,Recommended,TO:0000344,CO_338:0000145,Days to first flower - Method,Counting,Counting the number of days from sowing to appearnce of first floewer,,,CO_338:0000146,day,Numerical,,,,,,,,,,,,,,,,,,,,,,,,,
,CO_338:0000300,CT_Comp_idx,,Physiological and breeding trials,,Recommended,IBPGR/ICRISAT/ICARDA. 1993. Descriptors for Chickpea,ICRISAT,Pooran Gaur,24-Apr-10,EN,Chickpea,CO_338:0000057,Cold tolerance,Abiotic stress,Degree of tolerance to cold,,CT,,Plant,Cold tolerance,Recommended,,CO_338:0000147,Cold tolerance - Method,Computation,Cold tolerance index calculated by dividing the percentage of filled pods of the cold-stressed plants by that of the control plants.,,,CO_338:0000148,index,Numerical,,0,2,,,,,,,,,,,,,,,,,,,,,,
,CO_338:0000301,NPDPL_Av_podPlnt,,Evaluation trials,,Recommended,,EIAR,Asnake Fikre,26-Aug-10,EN,Chickpea,CO_338:0000058,No. of fertile pods per plant,Morphological,Number of pods with seed,,NPDPL,,Plant,Fertile pod number,Recommended,,CO_338:0000149,No. of fertile pods per plant - Method,Computation,Average number of pods with seed from 3 or 5 randomly selected plants,,,CO_338:0000150,fertile pods/plant,Numerical,,,,,,,,,,,,,,,,,,,,,,,,,
,CO_338:0000302,PLPIG_Est_1to3,,Characterization of a genotype,,Recommended,ICRIS:112,ICRISAT,Pooran Gaur,24-Apr-10,EN,Chickpea,CO_338:0000015,Plant pigmentation,Morphological,Extent of anthocyanin pigmentation in the plant,Stem pigmentation,PLPIG,,Plant,Pigmentation,Recommended,,CO_338:0000151,Plant pigmentation - Method,Estimation,Visual observation of the extent of anthocyanin pigmentation on stem and leaves at flowering,,,CO_338:0000152,Plant pigmentation category,Ordinal,,,,,1 = no anthocyanin,2 = low anthocyanin,3 = high anthocyanin,,,,,,,,,,,,,,,,,,
,CO_338:0000303,SDSRF_Est_1to3,,Characterization of a genotype,,Recommended,ICRIS:116,ICRISAT,Pooran Gaur,24-Apr-10,EN,Chickpea,CO_338:0000021,Seed surface,Morphological,"Surface of the seed e.g., rough, smooth, tuberculated",,SDSRF,,Seed,Surface,Recommended,,CO_338:0000153,Seed surface - Method,Estimation,"Visual observation of the surface of the seed (e.g., rough, smooth, tuberculated)",,,CO_338:0000154,Surface categories,Nominal,,,,,1 = smooth,2 = rough,3 = tuberculated,,,,,,,,,,,,,,,,,,
,CO_338:0000304,BY_Meas_gPlot,,Physiological and breeding trials,,Recommended,,ICRISAT,Pooran Gaur,24-Apr-10,EN,Chickpea,CO_338:0000059,Biomass yield,Agronomic,The dry weight of the plant (excluding roots) harvested from an area,,BY,,Plant,Biomass yield,Recommended,,CO_338:0000155,Biomass yield per plot - Method,Measurement,Taking weight of oven or sun dried plant (excluding roots) of a plot,,,CO_338:0000156,g/plot,Numerical,,10,500,,,,,,,,,,,,,,,,,,,,,,
,CO_338:0000305,FLD_Count_cm,,Physiological and breeding trials,,Recommended,ICRIS:139,ICRISAT,Pooran Gaur,24-Apr-10,EN,Chickpea,CO_338:0000049,Flowering duration,Agronomic,Period during which plants continue to flower,,FLD,,Plant,Flowering duration,Recommended,,CO_338:0000157,Flowering duration - Method,Counting,Counting the number of days from first flower to end of flowering,,,CO_338:0000158,day,Numerical,,,,,,,,,,,,,,,,,,,,,,,,,
,CO_338:0000306,PRT_Meas_pct,,Evaluation trials,,Recommended,IBPGR/ICRISAT/ICARDA. 1993. Descriptors for Chickpea,ICRISAT,Pooran Gaur,24-Apr-10,EN,Chickpea,CO_338:0000060,Seed protein content,Quality,Protein content of the whole seed,,PRT,,Seed,Protein content,Recommended,,CO_338:0000159,Protein % - Method,Measurement,"In laboratory, analyse the whole seed crude protein content",,,CO_338:0000160,%,Numerical,,10,30,,,,,,,,,,,,,,,,,,,,,,
,CO_338:0000307,CKT_count_min,,Evaluation trials,,Recommended,,EIAR,Asnake Fikre,26-Aug-10,EN,Chickpea,CO_338:0000061,Cooking time,Quality,Cooking time for dry seed without soaking,,CKT,,Seed,Cooking time,Recommended,,CO_338:0000161,Cooking time - Method,Counting,Number of Minutes taken for seed to cook,,,CO_338:0000162,Minutes,Numerical,,,,,,,,,,,,,,,,,,,,,,,,,
,CO_338:0000308,SHWT_Wgh_g,,Physiological trials,,Recommended,ICRIS:124,ICRISAT,Pooran Gaur,24-Apr-10,EN,Chickpea,CO_338:0000030,Shoot dry weight,Morphological,Weight of the shoot without roots,Biomass,SHWT,,Shoot,Dry weight,Recommended,TO:0000568,CO_338:0000163,Shoot dry weight - Method,Measurement,Measuring the weight of the total shoot above ground,,,CO_338:0000164,g,Numerical,,,,,,,,,,,,,,,,,,,,,,,,,
,CO_338:0000309,CH_Comp_cm,,Physiological trials,,Recommended,,ICRISAT,L Krishnamurthy,21-Oct-10,EN,Chickpea,CO_338:0000062,Canopy height,Agronomic,Height of the canopy,Plant canopy height,CH,,Canopy,Height,Recommended,,CO_338:0000165,Canopy height - Method,Computation,Average canopy height of three/five representative plants of an accession.,,,CO_338:0000166,cm,Numerical,,20,150,,,,,,,,,,,,,,,,,,,,,,
,CO_338:0000310,GRV_Est_1to3,,Evaluation trials,,Recommended,IBPGR/ICRISAT/ICARDA. 1993. Descriptors for Chickpea,ICRISAT,Pooran Gaur,24-Apr-10,EN,Chickpea,CO_338:0000063,Growth vigor,Agronomic,Vigor of the plant growth charaterized by the plant height and shoot biomass,,GRV,,Plant,Vigor,Recommended,,CO_338:0000167,Early growth vigor - Method,Estimation,"At 10-15 days after emergence, observe the growth vigor visually",,,CO_338:0000168,Growth vigor category,Ordinal,,,,,1 = high,2 = average,3 = low,,,,,,,,,,,,,,,,,,
,CO_338:0000311,RTWT_Wgh_g,,Physiological trials,,Recommended,,ICRISAT,Pooran Gaur,24-Apr-10,EN,Chickpea,CO_338:0000034,Root dry weight,Morphological,Dry weight of the root,,RTWT,,Root,Dry weight,Recommended,TO:0000279,CO_338:0000169,Root dry weight - Method,Measurement,Weight of oven-dried roots from a plant,,,CO_338:0000170,g,Numerical,,,,,,,,,,,,,,,,,,,,,,,,,
,CO_338:0000312,COLRR_Comp_pct,,Pathological and breeding trials,,Recommended,IBPGR/ICRISAT/ICARDA. 1993. Descriptors for Chickpea,ICRISAT,Pooran Gaur,24-Apr-10,EN,Chickpea,CO_338:0000064,Collar rot resistance,Biotic stress,"Causative agent:Sclerotium rolfsii. It causes constriction of collar region and rotting. White strands grow over affected tissue. Sclerotia, small round fungal structures that look like mustard seeds, are seen on the dead tissues",,COLRR,,Plant,Collar rot resistance,Recommended,,CO_338:0000171,Collar rot resistance - Method,Computation,Proportion of dead plants in a plot due to collar rot,,,CO_338:0000172,%,Numerical,,0,100,,,,,,,,,,,,,,,,,,,,,,
,CO_338:0000313,BGMR_Est_1to9,,Pathological and breeding trials,,Recommended,ICRIS:128,ICRISAT,Pooran Gaur,24-Apr-10,EN,Chickpea,CO_338:0000036,Botrytis grey mold resistance,Biotic stress,"Causative agent:Botrytis cinerea. It causes water soaked and irregular lesions on the pod that contain either small shriveled seeds or no seeds at all, lesions girdle the stem completely",,BGMR,,Pod,Botrytis grey mold resistance,Recommended,,CO_338:0000173,Botrytis grey mold resistance - Method,Estimation,Visual estimation of the resistance to the disease,,,CO_338:0000174,Disease resistance scale,Ordinal,,,,,1 = highly resistant,2-3 = resistant,4-5 = moderately resistant,6-7 = susceptible,8-9 = highly susceptible,,,,,,,,,,,,,,,,
,CO_338:0000314,LMR_Est_1to9,,Entomological and breeding trials,,Recommended,,ICRISAT,Pooran Gaur,24-Apr-10,EN,Chickpea,CO_338:0000065,Leaf miner resistance,Biotic stress,"Causative agent: Liriomyza cicerina. The leaflets are mined, have a reduced photosynthetic capacity and senesce prematurely.",,LMR,,Leaf,Leaf miner resistance,Recommended,,CO_338:0000175,Leaf miner resistance - Method,Estimation,Visual estimation of the resistance to the disease,,,CO_338:0000176,Disease resistance scale,Ordinal,,,,,1 = highly resistant,2-3 = resistant,4-5 = moderately resistant,6-7 = susceptible,8-9 = highly susceptible,,,,,,,,,,,,,,,,
,CO_338:0000315,LFT_Est_1to3,,Characterization of a genotype,,Recommended,IBPGR/ICRISAT/ICARDA. 1993. Descriptors for Chickpea,ICRISAT,Pooran Gaur,24-Apr-10,EN,Chickpea,CO_338:0000066,Leaf type,Morphological,"Type of leaf of the plant e.g., normal/simple/multipinnate",,LFT,,Leaf,Type,Recommended,,CO_338:0000177,Leaf type - Method,Estimation,Classification of leaf type based on visual observation,,,CO_338:0000178,leaf type categories,Nominal,,,,,1=normal,2=simple,3=multipinnate,,,,,,,,,,,,,,,,,,
,CO_338:0000316,DRRR_Comp_pct,,Pathological and breeding trials,,Recommended,IBPGR/ICRISAT/ICARDA. 1993. Descriptors for Chickpea,ICRISAT,Pooran Gaur,24-Apr-10,EN,Chickpea,CO_338:0000068,Dry root rot resistance,Biotic stress,Causative agent:Rhizoctonia bataticola. It causes drying up of plants. Roots become brittle and minute sclerotia are seen on the exposed roots,,DRRR,,Plant,Dry root rot resistance,Recommended,,CO_338:0000181,Dry root rot resistance - Method,Computation,Proportion of dead plants in a plot due to dry root rot,,,CO_338:0000182,%,Numerical,,0,100,,,,,,,,,,,,,,,,,,,,,,
,CO_338:0000317,DFPD_Count_day,,Evaluation trials,,Recommended,IBPGR/ICRISAT/ICARDA. 1993. Descriptors for Chickpea,ICRISAT,Pooran Gaur,24-Apr-10,EN,Chickpea,CO_338:0000074,Time to pod formation,Agronomic,Time elapsed between sowing and pod formation,,DFPD,,Plant,Pod formation time,Recommended,,CO_338:0000193,Days to first pod formation - Method,Counting,Counting the number of days from sowing to first pod formation,,,CO_338:0000194,day,Numerical,,,,,,,,,,,,,,,,,,,,,,,,,
,CO_338:0000318,COLBR_Est_1to9,,Pathological and breeding trials,,Recommended,ICRIS:130,ICRISAT,Pooran Gaur,24-Apr-10,EN,Chickpea,CO_338:0000038,Colletotrichum blight resistance,Biotic stress,"Causative agent:Colletotrichum capsici. It causes elongated, sunken, dark brown spots on the lower part of the stem, wilting and drying due to severe infection",,COLBR,,Plant,Colletotrichum blight resistance,Recommended,,CO_338:0000195,Colletotrichum blight resistance - Method,Estimation,Visual estimation of the resistance to the disease,,,CO_338:0000196,Disease resistance scale,Ordinal,,,,,1 = highly resistant,2-3 = resistant,4-5 = moderately resistant,6-7 = susceptible,8-9 = highly susceptible,,,,,,,,,,,,,,,,
,CO_338:0000319,PDLTH_Av_mm,,Characterization of a genotype,,Recommended,,ICRISAT,Pooran Gaur,24-Apr-10,EN,Chickpea,CO_338:0000076,Pod length,Morphological,Length of pods,,PDLTH,,Pod,Length,Recommended,,CO_338:0000199,Pod length - Method,Computation,"Average length of 9 randomly chosen pods, 3 each from 3 randomly-selected plants at mid-pod filling stage",,,CO_338:0000200,mm,Numerical,,1,20,,,,,,,,,,,,,,,,,,,,,,
,CO_338:0000320,PDWT_Av_g,,Evaluation trials,,Recommended,,ICRISAT,Pooran Gaur,24-Apr-10,EN,Chickpea,CO_338:0000002,Pod weight,Morphological,Weight of pods from a plant,,PDWT,,Pod,Weight,Recommended,,CO_338:0000201,Pod weight - Method,Computation,Average weight from 3 or 5 randomly-selected plants at maturity,,,CO_338:0000202,g,Numerical,,1,250,,,,,,,,,,,,,,,,,,,,,,
,CO_338:0000321,PLSTD_Count_PlntPlot,,Breeding/Agronomic trials,,Recommended,,ICRISAT,L Krishnamurthy,21-Oct-10,EN,Chickpea,CO_338:0000083,Plant stand,Agronomic,Number of plants in a productive unit,Plant count,PLSTD,,Plant,Number per area,Recommended,,CO_338:0000233,Plant stand - Method,Counting,Count taken within a plot,,,CO_338:0000234,plants/plot,Numerical,,,,,,,,,,,,,,,,,,,,,,,,,
,CO_338:0000322,HTT_Comp_idx,,Physiological and breeding trials,,,IBPGR/ICRISAT/ICARDA. 1993. Descriptors for Chickpea,ICRISAT,Pooran Gaur,24-Apr-10,EN,Chickpea,CO_338:0000067,High temperature tolerance,Abiotic stress,Degree of tolerance to high temperature,Heat tolerance,HTT,,Plant,High temperature tolerance,,,CO_338:0000179,High temperature tolerance - Method,Computation,Heat tolerance index calculated by dividing the percentage of filled pods of the heat-stressed plants by that of the control plants.,,,CO_338:0000180,index,Numerical,,0,2,,,,,,,,,,,,,,,,,,,,,,
,CO_338:0000323,VRLR_Est_1to9,,Pathological and breeding trials,,,,ICRISAT,Pooran Gaur,24-Apr-10,EN,Chickpea,CO_338:0000069,Viral (stunt) resistance,Biotic stress,"Causative agent: Pea leaf roll virus. It causes stunted growth and discoloured (yellow, orange or brown) foliage",,VRLR,,Leaf,Viral (stunt) resistance,,,CO_338:0000183,Viral (stunt) resistance - Method,Estimation,Visual estimation of the resistance to the disease,,,CO_338:0000184,Disease resistance scale,Ordinal,,,,,1 = highly resistant,2-3 = resistant,4-5 = moderately resistant,6-7 = susceptible,8-9 = highly susceptible,,,,,,,,,,,,,,,,
,CO_338:0000324,TST_Est_1to5,,Evaluation trials,,,,EIAR,Asnake Fikre,26-Aug-10,EN,Chickpea,CO_338:0000070,Taste,Quality,Taste of seed for Consuming,,TST,,Cooked seed,Taste,,,CO_338:0000185,Taste - Method,Estimation,Tasting the Seed with at least 10 Persons,,,CO_338:0000186,Taste categories,Ordinal,,,,,1 = bad,2 = Fair,3 = Good,4 = very good,5 = excellent,,,,,,,,,,,,,,,,
,CO_338:0000325,RL_Comp_cm,,Physiological trials,,,,ICRISAT,L Krishnamurthy,21-Oct-10,EN,Chickpea,CO_338:0000071,Root length,Morphological,Cumulative root length of a sample,,RL,,Root,Length,,,CO_338:0000187,Root length - Method,Computation,Usually measured through winrhizo software from scanned image files or maually using a measuring scale,,,CO_338:0000188,cm,Numerical,,1,1000000,,,,,,,,,,,,,,,,,,,,,,
,CO_338:0000326,SALT_Comp_idx,,Physiological and breeding trials,,,,ICRISAT,Pooran Gaur,24-Apr-10,EN,Chickpea,CO_338:0000072,Salinity tolerance,Abiotic stress,Degree of tolerance to soil salinity,,SALT,,Plant,Salinity tolerance,,,CO_338:0000189,Salinity tolerance - Method,Computation,Salinity tolerance index calculated by dividing the biomass or grain yield of the plants grown under saline conditions by that of the control plants.,,,CO_338:0000190,index,Numerical,,0,2,,,,,,,,,,,,,,,,,,,,,,
,CO_338:0000327,RDp_Meas_cm,,Physiological trials,,,,ICRISAT,L Krishnamurthy,21-Oct-10,EN,Chickpea,CO_338:0000073,Rooting depth,Morphological,Rooting depth of the plant,,RDp,,Root,Rooting depth,,,CO_338:0000191,Rooting depth - Method,Measurement,Measured in field pits or containers,,,CO_338:0000192,cm,Numerical,,2,350,,,,,,,,,,,,,,,,,,,,,,
,CO_338:0000328,CYSNR_Est_1to9,,Pathological and breeding trials,,,,ICRISAT,Pooran Gaur,24-Apr-10,EN,Chickpea,CO_338:0000075,Cyst nematode resistance,Biotic stress,Causative agent: Heterodera spp. Syncytia are formed on the roots which become necrotic.,,CYSNR,,Root,Cyst nematode resistance,,,CO_338:0000197,Cyst nematode resistance - Method,Estimation,Visual estimation of the resistance to the disease,,,CO_338:0000198,Disease resistance scale,Ordinal,,,,,1 = highly resistant,2-3 = resistant,4-5 = moderately resistant,6-7 = susceptible,8-9 = highly susceptible,,,,,,,,,,,,,,,,
,CO_338:0000329,APBR_Av_brnch,,Characterization of a genotype,,,,ICRISAT,Pooran Gaur,24-Apr-10,EN,Chickpea,CO_338:0000007,Apical primary branches number per plant,Morphological,Number of apical primary branches per plant,Number of apical primary branches per plant,APBR,,Plant,Apical primary branches number,,,CO_338:0000205,Apical primary branches number - Method,Computation,Mean number of apical primary branches from 3 or 5 randomly selected plants at maturity,,,CO_338:0000206,branches,Numerical,,,,,,,,,,,,,,,,,,,,,,,,,
,CO_338:0000330,ASBR_Av_brnch,,Characterization of a genotype,,,,ICRISAT,Pooran Gaur,24-Apr-10,EN,Chickpea,CO_338:0000008,Apical secondary branches number per plant,Morphological,Number of apical secondary branches per plant,Number of apical secondary branches per plant,ASBR,,Plant,Apical secondary branches number,,,CO_338:0000207,Apical secondary branches number - Method,Computation,Mean number of apical secondary branches from 3 or 5 randomly selected plants at maturity,,,CO_338:0000208,branches,Numerical,,,,,,,,,,,,,,,,,,,,,,,,,
,CO_338:0000331,BPBR_Av_brnch,,Characterization of a genotype,,,ICRIS:107,ICRISAT,Pooran Gaur,24-Apr-10,EN,Chickpea,CO_338:0000009,Basal primary branches number per plant,Morphological,Number of basal primary branches per plant,Number of basal primary branches per plant,BPBR,,Plant,Basal primary branches number,,,CO_338:0000209,Basal primary branches number - Method,Computation,Mean number of basal primary branches from 3 or 5 randomly selected plants at maturity,,,CO_338:0000210,branches,Numerical,,,,,,,,,,,,,,,,,,,,,,,,,
,CO_338:0000332,BSBR_Av_brnch,,Characterization of a genotype,,,ICRIS:108,ICRISAT,Pooran Gaur,24-Apr-10,EN,Chickpea,CO_338:0000010,Basal secondary branches number per plant,Morphological,Number of basal secondary branches per plant,Number of basal secondary branches per plant,BSBR,,Plant,Basal secondary branches number,,,CO_338:0000211,Basal secondary branches number - Method,Computation,Mean number of basal secondary branches from 3 or 5 randomly selected plants at maturity,,,CO_338:0000212,branches,Numerical,,,,,,,,,,,,,,,,,,,,,,,,,
,CO_338:0000333,TRBR_Av_brnch,,Characterization of a genotype,,,,ICRISAT,Pooran Gaur,24-Apr-10,EN,Chickpea,CO_338:0000012,Tertiary branches number per plant,Morphological,Number of tertiary branches per plant,Number of tertiary branches per plant,TRBR,,Plant,Tertiary branches number per plant,,,CO_338:0000213,Tertiary branches number - Method,Computation,Number of tertiary branches from 3 or 5 randomly selected plants at maturity,,,CO_338:0000214,branches,Numerical,,,,,,,,,,,,,,,,,,,,,,,,,
,CO_338:0000334,DOTSD_Est_1or2,,Characterization of a genotype,,,,ICRISAT,Pooran Gaur,24-Apr-10,EN,Chickpea,CO_338:0000022,Dots on seed coat,Morphological,Trait indicating the presence or absence of dots on the seed coat.,,DOTSD,,Seed coat,Dot presence,,,CO_338:0000215,Dots on seed coat - Method,Estimation,"Visual observation (present, absent)",,,CO_338:0000216,Presence scale,Nominal,,,,,1 = absent,2 = present,,,,,,,,,,,,,,,,,,,
,CO_338:0000335,SHSOD_Meas_pct,,Physiological trials,,,,ICRISAT,Pooran Gaur,24-Apr-10,EN,Chickpea,CO_338:0000032,Shoot sodium,Physiological,Shoot sodium content from plants/subset of plants.,,SHSOD,,Shoot,Sodium content,,,CO_338:0000217,Shoot sodium - Method,Measurement,Determination of Sodium content by using nitric acid digestion method (AAS & ICP-OES) at vegetative stage,,,CO_338:0000218,%,Numerical,,,,,,,,,,,,,,,,,,,,,,,,,
,CO_338:0000336,SHPOT_Meas_pct,,Physiological trials,,,,ICRISAT,Pooran Gaur,24-Apr-10,EN,Chickpea,CO_338:0000033,Shoot potassium,Physiological,Shoot potassium content from plants/subset of plants.,,SHPOT,,Shoot,Potassium content,,,CO_338:0000219,Shoot potassium - Method,Measurement,Determination of potassium content by using nitric acid digestion method (AAS & ICP-OES) at vegetative stage,,,CO_338:0000220,%,Numerical,,,,,,,,,,,,,,,,,,,,,,,,,
,CO_338:0000337,FDPN_Count_DblPod,,Characterization of a genotype,,,,ICRISAT,Pooran Gaur,24-Apr-10,EN,Chickpea,CO_338:0000048,Filled double pod number,Morphological,Is a count of the number of filled chickpea double pods produced by a double podded line.,,FDPN,,Double-podded plant,Filled double pod number,,,CO_338:0000221,Filled double pod number - Method,Counting,Counting of number of filled double pods produced by a double-podded genotype,,,CO_338:0000222,double pods,Numerical,,,,,,,,,,,,,,,,,,,,,,,,,
,CO_338:0000338,LFLM_Est_1to2,,Characterization of a genotype,,,,ICRISAT,Pooran Gaur,24-Apr-10,EN,Chickpea,CO_338:0000078,Leaflet margin,Morphological,"Type of leaflet margin e.g., smooth, serrated",,LFLM,,Leafllet,Margin,,,CO_338:0000223,Leaflet margin - Method,Estimation,Visual observation,,,CO_338:0000224,Margin type categories,Nominal,,,,,1 = entire and smooth,2 = serrated,,,,,,,,,,,,,,,,,,,
,CO_338:0000339,LFLN_Av_LfletLf,,Characterization of a genotype,,,,ICRISAT,Pooran Gaur,24-Apr-10,EN,Chickpea,CO_338:0000079,Number of leaflets per leaf,Morphological,Number of leaflets in a fully developed leaf,,LFLN,,Leaf,Leaflet number,,,CO_338:0000225,Number of leaflets per leaf - Method,Computation,"Average of 9 leaves (from the median part of the plant), 3 each from 3 randomly-selected plants at mid-pod filling stage.",,,CO_338:0000226,leaflets/leaf,Numerical,,,,,,,,,,,,,,,,,,,,,,,,,
,CO_338:0000340,PLPUB_Est_1to3,,Characterization of a genotype,,,,ICRISAT,Pooran Gaur,24-Apr-10,EN,Chickpea,CO_338:0000080,Plant pubescence,Morphological,Extent of hairiness of the shoot,Plant hairiness,PLPUB,,Plant,Pubescence,,,CO_338:0000227,Plant pubescence - Method,Estimation,Visual observation on intensity of trichomes on the shoot,,,CO_338:0000228,Pubescence categories,Ordinal,,,,,1 = low pubescence,2 = moderate pubescence,3 = high pubescence,,,,,,,,,,,,,,,,,,
,CO_338:0000341,ALTBR_Est_1to9,,Pathological and breeding trials,,,,ICRISAT,Pooran Gaur,24-Apr-10,EN,Chickpea,CO_338:0000081,Alternaria blight resistance,Biotic stress,Causative agent: Alternaria alternata. It causes water-soaked purple lesions on leaflets which later turn brown to dark brown,,ALTBR,,Leaflet,Alternaria blight resistance,,,CO_338:0000229,Alternaria blight resistance - Method,Estimation,Visual estimation of the resistance to the disease,,,CO_338:0000230,Disease resistance scale,Ordinal,,,,,1 = highly resistant,2-3 = resistant,4-5 = moderately resistant,6-7 = susceptible,8-9 = highly susceptible,,,,,,,,,,,,,,,,
,CO_338:0000342,RTKNR_Est_1to9,,Pathological and breeding trials,,,,ICRISAT,Pooran Gaur,24-Apr-10,EN,Chickpea,CO_338:0000082,Root knot nematode resistance,Biotic stress,Causative agent: Meloidogyne spp. It causes formation of galls on the root,,RTKNR,,Root,Root knot nematode resistance,,,CO_338:0000231,Root knot nematode resistance - Method,Estimation,Visual estimation of the resistance to the disease,,,CO_338:0000232,Disease resistance scale,Ordinal,,,,,1 = highly resistant,2-3 = resistant,4-5 = moderately resistant,6-7 = susceptible,8-9 = highly susceptible,,,,,,,,,,,,,,,,
,CO_338:0000343,StemDW_Meas_g,,Physiological trials,,,,ICRISAT,L Krishnamurthy,21-Oct-10,EN,Chickpea,CO_338:0000084,Stem dry weight,Morphological,Stem Dry Weight of a sample,,StemDW,,Stem,Dry weight,,,CO_338:0000235,Stem dry weight - Method,Computation,Stem dry weight taken after seperation and oven drying at 80âˆžC for at least 3 days,,,CO_338:0000236,g,Numerical,,0.1,10000,,,,,,,,,,,,,,,,,,,,,,
,CO_338:0000344,LeafDW_Meas_g,,Physiological trials,,,,ICRISAT,L Krishnamurthy,21-Oct-10,EN,Chickpea,CO_338:0000085,Leaf dry weight,Morphological,Leaf Dry Weight of a sample,,LeafDW,,Leaf,Dry weight,,,CO_338:0000237,Leaf dry weight - Method,Computation,Leaf dry weight taken after seperation and oven drying at 80âˆžC for at least 3 days,,,CO_338:0000238,g,Numerical,,0.1,5000,,,,,,,,,,,,,,,,,,,,,,
,CO_338:0000345,RTRatio_Comp_pct,,Physiological trials,,,,ICRISAT,L Krishnamurthy,21-Oct-10,EN,Chickpea,CO_338:0000087,Root dry weight/total plant dry weight,Morphological,Ratio of Root Dry weight to that of the whole plant dry weight,,RTRatio,,Plant,Root dry weight/total plant dry weight,,,CO_338:0000241,Root dry weight/total plant dry weight - Method,Computation,Calculated using both root and shoot dry weights.,,,CO_338:0000242,%,Numerical,,0.05,0.7,,,,,,,,,,,,,,,,,,,,,,
,CO_338:0000346,RLD_Comp_cmcm3,,Physiological trials,,,,ICRISAT,L Krishnamurthy,21-Oct-10,EN,Chickpea,CO_338:0000088,Root length density,Morphological,The length of roots present in a unit volume of soil,,RLD,,Root,Length per volume of soil,,,CO_338:0000243,Root length density - Method,Computation,Calculated using both root length measured and soil volume from where the root comes.,,,CO_338:0000244,cm cm-3,Numerical,,0.01,3,,,,,,,,,,,,,,,,,,,,,,
,CO_338:0000347,RSA_Comp_cm2,,Physiological trials,,,,ICRISAT,L Krishnamurthy,21-Oct-10,EN,Chickpea,CO_338:0000089,Root surface area,Morphological,Surface of roots,,RSA,,Root,Surface area,,,CO_338:0000245,Root surface area - Method,Computation,Calculated through length and diameter measured through winrhizo software,,,CO_338:0000246,cm2,Numerical,,1,10000,,,,,,,,,,,,,,,,,,,,,,
,CO_338:0000348,RV_Comp_cm3,,Physiological trials,,,,ICRISAT,L Krishnamurthy,21-Oct-10,EN,Chickpea,CO_338:0000090,Root volume,Morphological,Volume of root,,RV,,Root,Volume,,,CO_338:0000247,Root volume - Method,Computation,Calculated through length and diameter measured through winrhizo software,,,CO_338:0000248,cm3,Numerical,,1,30000,,,,,,,,,,,,,,,,,,,,,,
,CO_338:0000349,CID_Meas_PerThsnd,,Physiological trials,,,,ICRISAT,L Krishnamurthy,09-Sep-11,EN,Chickpea,CO_338:0000091,Carbon isotope discrimination,Physiological,Ratio of carbon isotope in tissue relative to the air,Delta carbon,CID,,Plant,Carbon isotope discrimination,,,CO_338:0000249,Carbon isotope discrimination - Method,Measurement,Ratio of C13/C12 in leaf in relation to the air,,,CO_338:0000250,?,Numerical,,-35,-17,,,,,,,,,,,,,,,,,,,,,,
,CO_338:0000350,SLA_Comp_cm2g,,Physiological trials,,,,ICRISAT,L Krishnamurthy,09-Sep-11,EN,Chickpea,CO_338:0000092,Specific leaf area,Morphological,Leaf area per dry weight of leaves,,SLA,,Leaf,Area per weight,,,CO_338:0000251,Specific leaf area - Method,Computation,Ratio of area to the weight of leaves. Leaf area is measured using leaf area meters and leaf weight using precision balances,,,CO_338:0000252,cm2 g-1,Numerical,,100,300,,,,,,,,,,,,,,,,,,,,,,
,CO_338:0000351,LfChlorCt_Meas_SPAD,,Physiological trials,,,,ICRISAT,L Krishnamurthy,09-Sep-11,EN,Chickpea,CO_338:0000093,Leaf chlorophyll content,Physiological,Chlorophyll content in the leaf,SPAD values,LfChlorCt,,Leaf,Chlorophyll content,,,CO_338:0000253,SPAD chlorophyll meter readings - Method,Measurement,Using SPAD chlorophyll meter,,,CO_338:0000254,SPAD units,Numerical,,20,100,,,,,,,,,,,,,,,,,,,,,,
,CO_338:0000352,TE_Comp_gkg,,Physiological trials,,,,ICRISAT,L Krishnamurthy,09-Sep-11,EN,Chickpea,CO_338:0000094,Transpiration efficiency,Physiological,Ratio of shoot biomass produced per unit of transpired water,,TE,,Plant,Transpiration efficiency,,,CO_338:0000255,Transpiration efficiency - Method,Computation,Shoot biomass is harvested and weighed and the water used during the growing time is calculated using initial and final weight of the containers,,,CO_338:0000256,g kg-1 water,Numerical,,1,5,,,,,,,,,,,,,,,,,,,,,,
,CO_338:0000353,WUE_Comp_gkg,,Physiological trials,,,,ICRISAT,L Krishnamurthy,09-Sep-11,EN,Chickpea,CO_338:0000095,Water use efficiency,Physiological,Ratio of shoot biomass produced per unit of water lost from the field through both transpiration and evaporation,,WUE,,Plant,Water use efficiency,,,CO_338:0000257,Water use efficiency - Method,Computation,Shoot biomass is harvested and weighed and the water used during the growing time is calculated using initial and final soil weights plus the rainfall,,,CO_338:0000258,g kg-1 water,Numerical,,1,5,,,,,,,,,,,,,,,,,,,,,,
,CO_338:0000354,DTI_Comp_idx,,Physiological trials,,,"Field Crops Research.2010 119: 322-330, Plant Genetic Resources.2011 9 (1): 59-69.",ICRISAT,L Krishnamurthy,09-Sep-11,EN,Chickpea,CO_338:0000096,Drought tolerance,Physiological,Standard residual after removing the effects of flowering time and yield potential advantages from the drought yields,Drought index,DTI,,Plant,Drought tolerance index,,,CO_338:0000259,Drought tolerance index - Method,Computation,"Drought yield is assumed as a function of days to flowering, yield potential and residual in a multiple regression approach. The standardized residual is considered as drought tolerance index",,,CO_338:0000260,Index,Numerical,,-5,5,,,,,,,,,,,,,,,,,,,,,,
,CO_338:0000355,PlntAnat,,,,Obsolete,,ICRISAT,Pooran Gaur,24-Apr-10,EN,Chickpea,CO_338:0000013,Plant anatomy related traits,Morphological,This is to identify traits related to the anatomy of the plant.,,,,,,Obsolete,,CO_338:0000261,Plant anatomy related traits - Method,,,,,CO_338:0000263,No scale name found,,,,,,,,,,,,,,,,,,,,,,,,,,
,CO_338:0000356,PhytoChemCt_Undef_Undef,,Characterization of a genotype,,Obsolete,,ICRISAT,Pooran Gaur,24-Apr-10,EN,Chickpea,CO_338:0000050,Phytochemical compound content,Quality,This will help identify traits related to pigmentation.,,,,,,Obsolete,,CO_338:0000262,Phytochemical compound content - Method,,,,,CO_338:0000264,No scale name found,,,,,,,,,,,,,,,,,,,,,,,,,,
,CO_338:0000357,RDW,,Physiological trials,,Obsolete,,ICRISAT,L Krishnamurthy,21-Oct-10,EN,Chickpea,CO_338:0000086,Root dry weight,Morphological,Root dry weight of a sample,,RDW,,,,Obsolete,,CO_338:0000239,Root dry weight - Method,Measurement,Dry weight taken after extracting roots from soil,,,CO_338:0000240,g,Numerical,,0.1,1000,,,,,,,,,,,,,,,,,,,,,,
,CO_338:0000358,PODNO,,Evaluation trials,,Obsolete,,ICRISAT,Pooran Gaur,24-Apr-10,EN,Chickpea,CO_338:0000003,Pod number,Morphological,Is a count of the number of pods per plant grown in the pot or field.,Number of pods per plant,PODNO,,,,Obsolete,,CO_338:0000203,Pod number - Method,Counting,Average number of pods from 3 or 5 randomly selected plants,,,CO_338:0000204,pods/plant,Numerical,,,,,,,,,,,,,,,,,,,,,,,,,
